City_ID,City,Country,Lat,Lng,Max Temp,Humidity,Cloudiness,Wind Speed,Current Conditions,Date
0,Tiarei,PF,-17.53,-149.33,73.4,83,20,2.24,few clouds,2020-10-31 16:23:03
1,East London,ZA,-33.02,27.91,66.2,63,20,9.17,few clouds,2020-10-31 16:23:04
2,San Cristobal,VE,7.77,-72.22,82.4,74,75,4.7,broken clouds,2020-10-31 16:23:04
3,Ushuaia,AR,-54.8,-68.3,55.4,54,40,3.36,scattered clouds,2020-10-31 16:21:01
4,Yecuatla,MX,19.87,-96.75,74.57,51,0,3.67,clear sky,2020-10-31 16:23:04
5,Punta Arenas,CL,-53.15,-70.92,51.8,71,0,9.17,clear sky,2020-10-31 16:23:05
6,Nome,US,64.5,-165.41,14.0,85,1,8.05,clear sky,2020-10-31 16:23:05
7,Virginia Beach,US,36.85,-75.98,57.2,50,75,11.41,broken clouds,2020-10-31 16:21:10
8,Ribeira Grande,PT,38.52,-28.7,69.8,94,75,17.22,broken clouds,2020-10-31 16:23:05
9,Coquimbo,CL,-29.95,-71.34,53.6,87,90,8.05,overcast clouds,2020-10-31 16:23:06
10,Kaitangata,NZ,-46.28,169.85,45.0,79,3,1.99,clear sky,2020-10-31 16:23:06
11,Srednekolymsk,RU,67.45,153.68,4.53,94,99,1.21,overcast clouds,2020-10-31 16:23:07
12,Carnarvon,AU,-24.87,113.63,69.8,88,90,9.17,overcast clouds,2020-10-31 16:23:08
13,Praia Da Vitoria,PT,38.73,-27.07,73.4,83,75,17.96,broken clouds,2020-10-31 16:23:08
14,San Ciro De Acosta,MX,21.63,-99.82,66.04,54,0,2.48,clear sky,2020-10-31 16:23:08
15,Geraldton,AU,-28.77,114.6,68.0,72,75,14.99,broken clouds,2020-10-31 16:23:08
16,Vila Velha,BR,-20.33,-40.29,73.4,88,75,2.24,light rain,2020-10-31 16:23:09
17,Severo-Kurilsk,RU,50.68,156.12,41.7,79,100,26.82,light rain,2020-10-31 16:23:09
18,Kapaa,US,22.08,-159.32,69.8,88,1,6.93,clear sky,2020-10-31 16:23:09
19,Dikson,RU,73.51,80.55,16.5,97,100,17.13,light snow,2020-10-31 16:23:09
20,Tasiilaq,GL,65.61,-37.64,33.8,95,90,1.12,overcast clouds,2020-10-31 16:23:10
21,Vaini,TO,-21.2,-175.2,71.6,88,75,10.29,broken clouds,2020-10-31 16:23:10
22,Faanui,PF,-16.48,-151.75,78.57,76,33,19.17,scattered clouds,2020-10-31 16:23:10
23,Mandalgovi,MN,45.76,106.27,23.95,79,0,9.66,clear sky,2020-10-31 16:23:10
24,Lebu,CL,-37.62,-73.65,61.72,63,12,9.78,few clouds,2020-10-31 16:23:10
25,San Patricio,US,28.02,-97.52,71.6,53,20,8.05,smoke,2020-10-31 16:23:11
26,Roald,NO,62.58,6.13,48.2,70,0,9.17,clear sky,2020-10-31 16:23:11
27,Castro,BR,-24.79,-50.01,61.0,77,100,6.04,overcast clouds,2020-10-31 16:23:11
28,Port Alfred,ZA,-33.59,26.89,65.91,72,84,16.2,broken clouds,2020-10-31 16:23:12
29,Bredasdorp,ZA,-34.53,20.04,64.4,55,0,12.75,clear sky,2020-10-31 16:23:12
30,Clyde River,CA,70.47,-68.59,15.8,92,90,8.05,light snow,2020-10-31 16:23:12
31,Busselton,AU,-33.65,115.33,63.0,66,100,13.58,moderate rain,2020-10-31 16:23:12
32,Hermanus,ZA,-34.42,19.23,64.99,61,0,8.01,clear sky,2020-10-31 16:23:12
33,Toora-Khem,RU,52.47,96.11,25.95,94,100,3.04,overcast clouds,2020-10-31 16:23:13
34,Robertsganj,IN,24.7,83.07,71.01,47,39,1.79,scattered clouds,2020-10-31 16:23:13
35,Ferme-Neuve,CA,46.7,-75.45,33.8,50,0,5.82,clear sky,2020-10-31 16:23:13
36,Hithadhoo,MV,-0.6,73.08,83.84,71,94,7.72,overcast clouds,2020-10-31 16:23:13
37,Garca,BR,-22.21,-49.66,78.8,61,75,14.99,broken clouds,2020-10-31 16:23:14
38,Mataura,NZ,-46.19,168.86,44.01,88,5,4.0,clear sky,2020-10-31 16:23:14
39,Puerto Ayora,EC,-0.74,-90.35,73.4,78,75,14.99,broken clouds,2020-10-31 16:23:14
40,Fengxian,CN,34.7,116.59,64.0,74,4,5.73,clear sky,2020-10-31 16:23:14
41,Kruisfontein,ZA,-34.0,24.73,64.0,70,38,5.99,scattered clouds,2020-10-31 16:23:15
42,Pangnirtung,CA,66.15,-65.71,19.4,52,75,4.7,broken clouds,2020-10-31 16:23:15
43,Arraial Do Cabo,BR,-22.97,-42.03,69.8,94,90,8.05,light intensity drizzle,2020-10-31 16:23:15
44,Sungairaya,ID,0.7,108.9,80.55,80,100,4.18,heavy intensity rain,2020-10-31 16:23:15
45,Avarua,CK,-21.21,-159.78,71.6,88,100,11.41,haze,2020-10-31 16:23:15
46,Kahului,US,20.89,-156.47,75.2,73,20,7.09,few clouds,2020-10-31 16:23:16
47,Padang,ID,-0.95,100.35,79.3,72,100,3.13,light rain,2020-10-31 16:23:16
48,Rikitea,PF,-23.12,-134.97,74.86,71,8,7.61,clear sky,2020-10-31 16:23:16
49,Sao Filipe,CV,14.9,-24.5,82.33,58,59,16.55,broken clouds,2020-10-31 16:23:17
50,Samarai,PG,-10.62,150.67,80.31,85,66,9.95,light rain,2020-10-31 16:23:17
51,Rawson,AR,-43.3,-65.1,75.63,20,0,6.35,clear sky,2020-10-31 16:20:48
52,Poum,NC,-20.23,164.02,77.38,81,78,23.15,broken clouds,2020-10-31 16:23:17
53,Cape Town,ZA,-33.93,18.42,68.0,52,0,20.8,clear sky,2020-10-31 16:18:46
54,Patea,NZ,-39.76,174.48,57.0,90,100,13.09,light rain,2020-10-31 16:23:18
55,Tautira,PF,-17.73,-149.15,73.4,83,20,2.24,few clouds,2020-10-31 16:23:18
56,Bengkulu,ID,-3.8,102.27,77.4,85,100,3.24,moderate rain,2020-10-31 16:23:18
57,Norman Wells,CA,65.28,-126.83,-4.0,83,20,4.7,few clouds,2020-10-31 16:23:18
58,Sipoo,FI,60.38,25.27,43.0,100,75,2.24,broken clouds,2020-10-31 16:23:19
59,Te Anau,NZ,-45.42,167.72,44.46,81,55,6.35,broken clouds,2020-10-31 16:23:19
60,Teya,RU,60.38,92.63,9.91,92,31,4.74,scattered clouds,2020-10-31 16:23:19
61,Manitouwadge,CA,49.12,-85.84,39.2,74,75,19.46,broken clouds,2020-10-31 16:23:19
62,Dongsheng,CN,39.82,109.98,35.73,72,100,7.99,overcast clouds,2020-10-31 16:23:19
63,Hamilton,US,39.18,-84.53,51.01,57,1,10.29,clear sky,2020-10-31 16:22:01
64,Upernavik,GL,72.79,-56.15,16.48,95,64,10.67,broken clouds,2020-10-31 16:23:20
65,San Ramon,US,37.78,-121.98,59.0,62,1,3.36,clear sky,2020-10-31 16:23:20
66,Requena,ES,39.49,-1.1,78.01,30,0,4.0,clear sky,2020-10-31 16:23:21
67,Albany,US,42.6,-73.97,39.99,78,0,1.99,clear sky,2020-10-31 16:23:21
68,Boyolangu,ID,-8.12,111.89,73.08,88,95,6.11,light rain,2020-10-31 16:23:21
69,Floro,NO,61.6,5.03,53.6,46,100,19.46,overcast clouds,2020-10-31 16:23:21
70,Mayo,US,38.89,-76.51,48.0,70,75,8.05,broken clouds,2020-10-31 16:23:21
71,Ko Samui,TH,9.54,99.94,83.41,71,98,2.15,light rain,2020-10-31 16:23:22
72,Bluff,NZ,-46.6,168.33,44.01,88,43,4.0,scattered clouds,2020-10-31 16:18:31
73,Batemans Bay,AU,-35.72,150.18,59.0,96,100,1.99,light rain,2020-10-31 16:23:22
74,Ilulissat,GL,69.22,-51.1,17.6,67,75,8.05,broken clouds,2020-10-31 16:23:22
75,Fortuna,US,40.6,-124.16,46.4,93,1,6.93,clear sky,2020-10-31 16:23:22
76,Batabano,CU,22.72,-82.29,84.2,70,40,8.05,scattered clouds,2020-10-31 16:23:23
77,Airai,TL,-8.93,125.41,61.39,91,12,1.7,few clouds,2020-10-31 16:23:23
78,Saryg-Sep,RU,51.5,95.6,22.84,95,100,1.19,overcast clouds,2020-10-31 16:21:08
79,Hokitika,NZ,-42.72,170.97,51.37,81,87,8.21,light rain,2020-10-31 16:23:23
80,Caravelas,BR,-17.71,-39.25,79.57,73,99,6.73,moderate rain,2020-10-31 16:23:24
81,Nara,JP,34.69,135.8,53.01,60,29,2.55,scattered clouds,2020-10-31 16:23:24
82,Waitati,NZ,-45.75,170.57,48.99,68,0,7.0,clear sky,2020-10-31 16:23:24
83,Banjar,ID,-8.19,114.97,76.59,74,84,1.66,broken clouds,2020-10-31 16:23:25
84,La Asuncion,VE,11.03,-63.86,87.8,70,16,16.11,few clouds,2020-10-31 16:23:25
85,Aklavik,CA,68.22,-135.01,-4.0,83,75,3.36,broken clouds,2020-10-31 16:23:25
86,Souillac,MU,-20.52,57.52,69.8,77,40,14.99,shower rain,2020-10-31 16:23:25
87,Mehamn,NO,71.04,27.85,30.42,94,86,11.32,overcast clouds,2020-10-31 16:23:26
88,Kinablangan,PH,7.69,126.55,79.09,80,95,4.47,overcast clouds,2020-10-31 16:23:26
89,Saint-Pierre,RE,-21.34,55.48,69.8,60,20,3.36,few clouds,2020-10-31 16:23:26
90,Krasnoselkup,RU,65.7,82.47,33.67,96,100,23.2,light rain,2020-10-31 16:23:26
91,Casablanca,MA,33.59,-7.62,77.0,73,0,13.87,clear sky,2020-10-31 16:21:39
92,Acajutla,SV,13.59,-89.83,80.6,61,0,1.68,clear sky,2020-10-31 16:19:14
93,Naliya,IN,23.27,68.83,83.19,35,3,4.07,clear sky,2020-10-31 16:23:27
94,Kongoussi,BF,13.33,-1.53,97.75,11,5,9.62,clear sky,2020-10-31 16:23:27
95,Ishigaki,JP,24.34,124.16,77.72,70,28,17.0,light rain,2020-10-31 16:23:28
96,Mar Del Plata,AR,-38.0,-57.56,71.6,37,0,8.05,clear sky,2020-10-31 16:23:28
97,Bandarbeyla,SO,9.49,50.81,77.97,79,59,12.91,broken clouds,2020-10-31 16:23:28
98,Tyrma,RU,50.08,132.17,36.32,86,100,9.08,light rain,2020-10-31 16:23:30
99,Saint-Philippe,RE,-21.36,55.77,69.8,60,20,3.36,few clouds,2020-10-31 16:23:30
100,Atuona,PF,-9.8,-139.03,78.13,76,18,18.39,few clouds,2020-10-31 16:23:30
101,Vila,PT,42.03,-8.16,61.0,90,100,5.01,overcast clouds,2020-10-31 16:21:11
102,Mahajanga,MG,-15.72,46.32,80.6,61,20,4.7,few clouds,2020-10-31 16:23:31
103,Quatre Cocos,MU,-20.21,57.76,69.8,77,40,14.99,shower rain,2020-10-31 16:23:31
104,Winslow,US,35.02,-110.7,44.6,56,1,8.05,clear sky,2020-10-31 16:23:25
105,Kodiak,US,57.79,-152.41,32.0,90,1,12.75,clear sky,2020-10-31 16:23:31
106,Tambongon,PH,10.97,123.92,80.91,82,100,16.28,heavy intensity rain,2020-10-31 16:23:32
107,Faya,SA,18.39,42.45,68.0,60,0,5.82,clear sky,2020-10-31 16:23:32
108,Victoria,HK,22.29,114.16,73.99,77,1,13.73,light rain,2020-10-31 16:23:19
109,Port Elizabeth,ZA,-33.92,25.57,66.2,72,75,5.82,broken clouds,2020-10-31 16:23:33
110,Hargeysa,SO,9.56,44.06,68.67,81,9,18.68,light rain,2020-10-31 16:23:33
111,Hobart,AU,-42.88,147.33,55.4,66,75,5.82,broken clouds,2020-10-31 16:18:35
112,Hasaki,JP,35.73,140.83,46.4,87,20,5.82,few clouds,2020-10-31 16:23:33
113,Jamestown,US,42.1,-79.24,39.99,69,90,10.29,overcast clouds,2020-10-31 16:23:34
114,Yellowknife,CA,62.46,-114.35,19.4,85,90,17.22,light snow,2020-10-31 16:22:09
115,Sitka,US,57.05,-135.33,50.0,87,90,23.04,moderate rain,2020-10-31 16:23:34
116,Impfondo,CG,1.64,18.07,81.95,71,41,2.89,light rain,2020-10-31 16:23:34
117,Khatanga,RU,71.97,102.5,-5.55,88,97,7.18,overcast clouds,2020-10-31 16:23:35
118,Grants Pass,US,42.44,-123.33,48.2,87,1,1.48,clear sky,2020-10-31 16:23:35
119,Longyearbyen,SJ,78.22,15.64,21.2,79,75,5.82,light snow,2020-10-31 16:23:35
120,Umm Bab,QA,25.21,50.81,84.2,58,1,4.7,clear sky,2020-10-31 16:23:36
121,Charlestown,AU,-32.95,151.67,57.99,84,0,5.3,clear sky,2020-10-31 16:22:14
122,Benghazi,LY,32.12,20.07,70.83,62,0,15.61,clear sky,2020-10-31 16:23:36
123,Douentza,ML,15.0,-2.95,97.12,9,0,8.75,clear sky,2020-10-31 16:23:37
124,Butaritari,KI,3.07,172.79,80.92,76,57,17.22,broken clouds,2020-10-31 16:23:38
125,Pekan,MY,3.48,103.4,80.6,88,20,4.97,few clouds,2020-10-31 16:23:38
126,Tezu,IN,27.92,96.17,75.76,54,100,2.28,overcast clouds,2020-10-31 16:23:38
127,Tiksi,RU,71.69,128.87,1.35,94,66,3.38,broken clouds,2020-10-31 16:23:38
128,Hilo,US,19.73,-155.09,73.4,73,40,6.93,scattered clouds,2020-10-31 16:23:00
129,Dwarka,IN,22.24,68.97,82.74,54,0,12.53,clear sky,2020-10-31 16:23:39
130,Lorengau,PG,-2.02,147.27,80.85,75,19,4.54,few clouds,2020-10-31 16:23:39
131,Saint George,US,37.1,-113.58,48.2,31,1,3.36,clear sky,2020-10-31 16:23:39
132,Saskylakh,RU,71.92,114.08,-4.22,83,0,5.97,clear sky,2020-10-31 16:23:40
133,Raha,IN,26.23,92.52,75.13,86,100,4.56,overcast clouds,2020-10-31 16:23:40
134,Whitecourt,CA,54.15,-115.69,28.4,74,75,5.82,broken clouds,2020-10-31 16:23:40
135,Georgetown,MY,5.41,100.34,82.4,83,40,3.36,moderate rain,2020-10-31 16:23:40
136,Sebring,US,27.5,-81.44,80.6,65,75,13.87,broken clouds,2020-10-31 16:23:41
137,Natal,BR,-5.79,-35.21,84.2,70,75,14.99,broken clouds,2020-10-31 16:23:41
138,Madang,PG,-5.22,145.8,77.32,88,97,2.17,light rain,2020-10-31 16:23:41
139,Kemi,FI,65.86,24.82,32.0,92,100,5.82,light rain,2020-10-31 16:23:42
140,Qaanaaq,GL,77.48,-69.36,12.11,87,97,7.2,overcast clouds,2020-10-31 16:23:42
141,Klaksvik,FO,62.23,-6.59,50.0,100,100,26.4,heavy intensity rain,2020-10-31 16:23:42
142,Broken Hill,AU,-31.95,141.43,53.6,81,0,11.05,clear sky,2020-10-31 16:23:43
143,Akonolinga,CM,3.77,12.25,77.2,83,51,0.38,light rain,2020-10-31 16:23:43
144,Comodoro Rivadavia,AR,-45.87,-67.5,62.6,59,0,6.93,clear sky,2020-10-31 16:23:43
145,Hofn,IS,64.25,-15.21,43.72,75,100,10.11,light rain,2020-10-31 16:23:43
146,Srandakan,ID,-7.94,110.25,78.21,84,68,4.94,light rain,2020-10-31 16:22:38
147,Imeni Poliny Osipenko,RU,52.42,136.49,32.63,98,100,2.51,overcast clouds,2020-10-31 16:23:44
148,Fujin,CN,47.26,132.03,43.97,71,42,14.47,scattered clouds,2020-10-31 16:23:44
149,Upington,ZA,-28.45,21.26,77.0,57,20,12.75,few clouds,2020-10-31 16:23:44
150,Barrow,US,71.29,-156.79,24.8,62,90,9.17,overcast clouds,2020-10-31 16:23:45
151,Union City,US,37.6,-122.02,60.01,62,1,3.36,clear sky,2020-10-31 16:23:45
152,Cururupu,BR,-1.83,-44.87,91.94,44,68,8.66,broken clouds,2020-10-31 16:23:45
153,Wattegama,LK,6.8,81.48,80.6,94,20,3.36,haze,2020-10-31 16:23:45
154,Ngunguru,NZ,-35.62,174.5,57.0,97,14,1.99,few clouds,2020-10-31 16:23:46
155,Teluknaga,ID,-6.1,106.64,81.0,94,40,2.24,mist,2020-10-31 16:23:46
156,Kenai,US,60.55,-151.26,6.8,84,1,8.41,clear sky,2020-10-31 16:23:46
157,Thompson,CA,55.74,-97.86,15.8,78,90,14.99,light snow,2020-10-31 16:23:46
158,Preobrazheniye,RU,42.9,133.91,51.89,84,92,12.88,light rain,2020-10-31 16:23:46
159,Esperance,AU,-33.87,121.9,73.4,49,99,10.29,overcast clouds,2020-10-31 16:23:47
160,Palu,ID,-0.89,119.87,75.33,79,59,2.75,broken clouds,2020-10-31 16:23:47
161,Pevek,RU,69.7,170.31,12.7,97,100,10.04,overcast clouds,2020-10-31 16:23:47
162,Quesnel,CA,53.0,-122.5,28.4,100,90,4.7,overcast clouds,2020-10-31 16:21:03
163,Haines Junction,CA,60.75,-137.51,14.0,78,100,2.24,snow,2020-10-31 16:23:47
164,Temir,KZ,49.14,57.13,48.06,46,99,13.02,overcast clouds,2020-10-31 16:23:48
165,Raudeberg,NO,61.99,5.14,51.01,54,100,13.73,overcast clouds,2020-10-31 16:23:48
166,Peniche,PT,39.36,-9.38,71.01,78,73,5.99,broken clouds,2020-10-31 16:23:49
167,Adrar,MR,20.5,-10.07,93.33,11,97,10.94,overcast clouds,2020-10-31 16:23:49
168,Mitu,CO,1.2,-70.17,82.36,90,99,1.43,moderate rain,2020-10-31 16:23:49
169,Shouguang,CN,36.88,118.74,55.38,76,99,3.53,overcast clouds,2020-10-31 16:23:49
170,Fort Nelson,CA,58.81,-122.7,14.0,92,75,2.24,broken clouds,2020-10-31 16:23:50
171,Cherskiy,RU,68.75,161.3,7.43,87,96,3.69,overcast clouds,2020-10-31 16:23:50
172,North Bend,US,43.41,-124.22,46.0,100,1,3.36,clear sky,2020-10-31 16:23:50
173,Dunedin,NZ,-45.87,170.5,48.99,79,0,10.6,clear sky,2020-10-31 16:23:51
174,Bambous Virieux,MU,-20.34,57.76,69.8,77,40,14.99,shower rain,2020-10-31 16:23:51
175,Temiscaming,CA,46.72,-79.1,33.8,59,10,6.93,clear sky,2020-10-31 16:23:51
176,Coahuayana,MX,18.73,-103.68,77.0,78,40,13.87,scattered clouds,2020-10-31 16:23:51
177,Nishihara,JP,26.18,127.76,73.4,88,75,4.7,broken clouds,2020-10-31 16:23:53
178,Maramba,TZ,-5.05,38.62,65.14,100,25,4.32,scattered clouds,2020-10-31 16:23:53
179,New Norfolk,AU,-42.78,147.06,52.0,69,64,2.37,broken clouds,2020-10-31 16:23:53
180,Bandar-E Lengeh,IR,26.56,54.88,77.0,83,0,7.29,clear sky,2020-10-31 16:23:53
181,Sao Joao Da Barra,BR,-21.64,-41.05,75.2,78,90,11.41,overcast clouds,2020-10-31 16:23:54
182,Ixtapa,MX,20.7,-105.2,84.2,66,5,2.24,clear sky,2020-10-31 16:23:54
183,Kurchatov,RU,51.66,35.65,44.6,93,90,11.18,light rain,2020-10-31 16:23:54
184,Kavieng,PG,-2.57,150.8,83.14,75,86,8.88,overcast clouds,2020-10-31 16:23:54
185,Petropavlovsk-Kamchatskiy,RU,53.05,158.65,39.2,69,75,15.66,broken clouds,2020-10-31 16:23:55
186,Richards Bay,ZA,-28.78,32.04,67.35,78,100,11.61,overcast clouds,2020-10-31 16:23:55
187,Nikolskoye,RU,59.7,30.79,41.0,86,75,4.47,broken clouds,2020-10-31 16:23:55
188,Moa,CU,20.66,-74.94,83.12,76,100,10.13,light rain,2020-10-31 16:23:55
189,Moroni,KM,-11.7,43.26,77.68,78,100,5.32,overcast clouds,2020-10-31 16:23:55
190,Blytheville,US,35.93,-89.92,59.0,47,1,8.05,clear sky,2020-10-31 16:23:56
191,Ulcinj,ME,41.93,19.22,62.6,55,20,4.85,few clouds,2020-10-31 16:23:56
192,Belaya Gora,RU,68.53,146.42,-7.8,92,100,5.26,overcast clouds,2020-10-31 16:23:56
193,Sola,VU,-13.88,167.55,80.82,81,38,19.53,light rain,2020-10-31 16:23:57
194,Callaway,US,30.15,-85.57,71.01,60,1,9.17,clear sky,2020-10-31 16:23:57
195,Riyadh,SA,24.69,46.72,78.8,24,0,4.7,clear sky,2020-10-31 16:21:45
196,Port Lincoln,AU,-34.73,135.87,54.27,83,0,11.21,clear sky,2020-10-31 16:23:58
197,Tornio,FI,65.85,24.15,32.0,91,100,5.82,light rain,2020-10-31 16:23:58
198,Namibe,AO,-15.2,12.15,74.12,77,17,12.5,few clouds,2020-10-31 16:23:58
199,Tual,ID,-5.67,132.75,82.78,78,56,13.33,light rain,2020-10-31 16:23:58
200,Harper,LR,4.38,-7.72,81.32,79,66,8.25,light rain,2020-10-31 16:23:59
201,Zeven,DE,53.3,9.28,57.0,67,33,11.01,scattered clouds,2020-10-31 16:23:59
202,Port Hardy,CA,50.7,-127.42,46.4,93,75,4.7,broken clouds,2020-10-31 16:23:59
203,Torrijos,ES,39.98,-4.28,73.99,48,25,6.29,scattered clouds,2020-10-31 16:23:59
204,Rocha,UY,-34.48,-54.33,66.36,54,1,8.21,clear sky,2020-10-31 16:24:00
205,Tuatapere,NZ,-46.13,167.68,44.01,88,2,4.0,clear sky,2020-10-31 16:24:00
206,Doka,SD,13.52,35.77,84.79,39,79,2.48,broken clouds,2020-10-31 16:24:00
207,Mahebourg,MU,-20.41,57.7,69.8,77,40,14.99,shower rain,2020-10-31 16:24:00
208,Lagoa,PT,39.05,-27.98,68.65,92,95,26.6,overcast clouds,2020-10-31 16:24:01
209,Pisco,PE,-13.7,-76.22,66.99,77,91,11.41,overcast clouds,2020-10-31 16:24:01
210,La Ronge,CA,55.1,-105.28,19.4,85,99,10.29,overcast clouds,2020-10-31 16:24:01
211,Barguzin,RU,53.62,109.62,23.16,88,99,2.01,overcast clouds,2020-10-31 16:24:01
212,Tuktoyaktuk,CA,69.45,-133.04,-4.0,83,40,4.7,scattered clouds,2020-10-31 16:24:02
213,Bethel,US,41.37,-73.41,42.01,69,1,5.82,clear sky,2020-10-31 16:21:11
214,Tandil,AR,-37.32,-59.13,71.01,33,0,5.99,clear sky,2020-10-31 16:24:02
215,Santa Rosa,PH,14.31,121.11,82.4,78,75,5.82,light rain,2020-10-31 16:24:02
216,Ancud,CL,-41.87,-73.82,66.99,55,0,6.93,clear sky,2020-10-31 16:24:02
217,Sabang,ID,5.89,95.32,82.17,80,100,12.77,light rain,2020-10-31 16:24:03
218,Sapatgram,IN,26.33,90.11,73.99,71,41,4.61,scattered clouds,2020-10-31 16:24:03
219,Baruun-Urt,MN,46.68,113.28,25.02,81,23,11.48,few clouds,2020-10-31 16:24:03
220,Pacific Grove,US,36.62,-121.92,55.4,62,1,8.3,clear sky,2020-10-31 16:22:30
221,Ust-Ilimsk,RU,58.0,102.66,13.91,93,100,6.85,overcast clouds,2020-10-31 16:24:04
222,Pedernales,DO,18.04,-71.74,86.0,74,75,6.93,broken clouds,2020-10-31 16:24:04
223,Tierra Blanca,HN,14.58,-88.58,71.6,88,75,6.93,broken clouds,2020-10-31 16:24:05
224,Barcelos,PT,41.54,-8.62,66.99,93,90,8.05,overcast clouds,2020-10-31 16:24:05
225,Vilhena,BR,-12.74,-60.15,84.2,51,75,11.41,broken clouds,2020-10-31 16:24:05
226,Matamoros,MX,25.53,-103.25,62.6,39,5,1.05,clear sky,2020-10-31 16:19:56
227,Rudarpur,IN,26.44,83.61,75.45,51,67,6.44,broken clouds,2020-10-31 16:24:05
228,Bayburt,TR,40.26,40.23,55.29,41,100,26.19,overcast clouds,2020-10-31 16:24:06
229,Marawi,PH,8.0,124.29,75.99,90,100,4.0,light rain,2020-10-31 16:24:06
230,Praia,CV,14.92,-23.51,84.2,66,75,25.28,broken clouds,2020-10-31 16:24:06
231,Itoman,JP,26.12,127.67,73.4,78,40,11.41,shower rain,2020-10-31 16:24:07
232,Les Herbiers,FR,46.87,-1.02,60.8,93,90,10.29,light intensity drizzle,2020-10-31 16:24:07
233,Sundsvall,SE,62.39,17.31,41.0,100,98,2.24,overcast clouds,2020-10-31 16:24:07
234,Becerril,CO,9.7,-73.28,83.68,71,69,4.14,light rain,2020-10-31 16:24:07
235,Liverpool,GB,53.41,-2.98,54.0,71,40,16.11,shower rain,2020-10-31 16:22:46
236,Bud,US,39.45,-86.18,48.99,66,1,6.93,clear sky,2020-10-31 16:24:08
237,Lubao,PH,14.92,120.55,78.8,74,75,4.7,broken clouds,2020-10-31 16:24:08
238,Leshukonskoye,RU,64.9,45.76,31.32,97,34,6.82,scattered clouds,2020-10-31 16:24:08
239,Labuhan,ID,-6.88,112.21,75.94,92,100,9.17,moderate rain,2020-10-31 16:24:09
240,Flinders,AU,-34.58,150.86,63.0,80,45,7.0,light rain,2020-10-31 16:24:09
241,Chokurdakh,RU,70.63,147.92,1.08,94,98,7.34,overcast clouds,2020-10-31 16:24:09
242,Rawlins,US,41.79,-107.24,46.0,39,1,25.28,clear sky,2020-10-31 16:24:09
243,Kimbe,PG,-5.55,150.14,75.9,88,74,3.09,broken clouds,2020-10-31 16:24:09
244,Labelle,US,26.76,-81.44,86.0,74,90,11.41,overcast clouds,2020-10-31 16:24:10
245,Mount Darwin,ZW,-16.77,31.58,80.46,34,20,7.0,few clouds,2020-10-31 16:24:10
246,Hovd,MN,48.01,91.64,28.0,84,0,1.97,clear sky,2020-10-31 16:24:10
247,Sahuaripa,MX,29.05,-109.23,76.01,22,100,0.56,overcast clouds,2020-10-31 16:24:11
248,Berlevag,NO,70.86,29.09,31.1,94,79,14.23,broken clouds,2020-10-31 16:24:11
249,Durres,AL,41.32,19.44,59.0,72,0,4.7,clear sky,2020-10-31 16:24:11
250,Xiamen,CN,24.48,118.08,69.8,60,0,6.71,clear sky,2020-10-31 16:23:43
251,Bilibino,RU,68.05,166.44,-1.32,85,12,2.3,few clouds,2020-10-31 16:24:13
252,Sanary-Sur-Mer,FR,43.12,5.8,64.0,81,97,3.0,overcast clouds,2020-10-31 16:22:14
253,Vila Franca Do Campo,PT,37.72,-25.43,69.8,94,75,14.99,broken clouds,2020-10-31 16:24:13
254,Salalah,OM,17.02,54.09,84.2,37,0,4.7,clear sky,2020-10-31 16:19:17
255,Guerrero Negro,MX,27.98,-114.06,71.28,51,6,1.32,clear sky,2020-10-31 16:19:51
256,Beysehir,TR,37.68,31.72,54.75,67,24,7.58,few clouds,2020-10-31 16:24:14
257,Cabo San Lucas,MX,22.89,-109.91,79.0,74,20,3.36,few clouds,2020-10-31 16:24:14
258,Collie,AU,-33.37,116.15,63.0,66,100,5.64,light rain,2020-10-31 16:24:15
259,Tagusao,PH,9.19,117.81,79.5,81,99,2.98,overcast clouds,2020-10-31 16:24:15
260,Porto-Vecchio,FR,41.59,9.28,64.4,77,0,12.75,clear sky,2020-10-31 16:24:15
261,Dawson Creek,CA,55.77,-120.24,37.4,59,1,23.04,clear sky,2020-10-31 16:24:15
262,Nayoro,JP,44.35,142.46,41.43,83,100,5.93,overcast clouds,2020-10-31 16:24:15
263,Xuchang,CN,34.02,113.82,62.6,36,0,8.95,clear sky,2020-10-31 16:24:16
264,Dingle,PH,11.0,122.67,75.87,84,100,5.68,overcast clouds,2020-10-31 16:24:16
265,Buala,SB,-8.14,159.59,79.79,76,62,2.42,broken clouds,2020-10-31 16:24:16
266,Araouane,ML,18.9,-3.53,94.53,10,100,7.54,overcast clouds,2020-10-31 16:24:16
267,Kavaratti,IN,10.57,72.64,83.05,70,68,4.36,broken clouds,2020-10-31 16:24:17
268,Vostok,RU,46.49,135.88,31.6,96,96,5.32,overcast clouds,2020-10-31 16:24:17
269,Cidreira,BR,-30.18,-50.21,67.68,60,90,9.35,overcast clouds,2020-10-31 16:24:17
270,Gualeguay,AR,-33.14,-59.31,70.86,45,0,3.94,clear sky,2020-10-31 16:24:17
271,Valparaiso,CL,-33.04,-71.63,53.6,100,90,3.36,fog,2020-10-31 16:20:24
272,Rognan,NO,67.1,15.39,43.0,70,75,13.87,shower rain,2020-10-31 16:24:18
273,Yulara,AU,-25.24,130.99,73.4,20,66,10.29,broken clouds,2020-10-31 16:24:18
274,Hambantota,LK,6.12,81.12,80.6,94,20,3.36,haze,2020-10-31 16:24:18
275,Haileybury,CA,47.45,-79.64,33.8,59,1,14.99,clear sky,2020-10-31 16:24:19
276,Kununurra,AU,-15.77,128.73,80.6,78,57,9.17,broken clouds,2020-10-31 16:24:19
277,Porto Novo,BJ,6.5,2.6,86.0,79,40,13.87,scattered clouds,2020-10-31 16:24:19
278,Isangel,VU,-19.55,169.27,74.95,81,82,14.45,broken clouds,2020-10-31 16:24:19
279,Mishelevka,RU,52.86,103.17,20.77,93,89,8.41,overcast clouds,2020-10-31 16:24:20
280,Umm Lajj,SA,25.02,37.27,80.04,68,0,3.0,clear sky,2020-10-31 16:24:20
281,Codrington,AU,-38.27,141.97,47.61,88,12,3.8,few clouds,2020-10-31 16:24:20
282,Biak,ID,-0.91,122.88,77.85,74,97,5.12,overcast clouds,2020-10-31 16:24:21
283,Conde,BR,-7.26,-34.91,86.0,66,40,13.87,scattered clouds,2020-10-31 16:24:21
284,Kisangani,CD,0.52,25.2,86.0,66,20,1.88,few clouds,2020-10-31 16:24:21
285,Bambanglipuro,ID,-7.95,110.28,77.99,85,71,5.06,light rain,2020-10-31 16:24:22
286,Veselynove,UA,47.36,31.23,49.3,82,100,12.75,light rain,2020-10-31 16:24:22
287,Thai Binh,VN,20.45,106.33,73.4,88,76,1.12,broken clouds,2020-10-31 16:24:23
288,Mezen,RU,65.85,44.24,32.05,96,75,7.43,broken clouds,2020-10-31 16:24:23
289,Luderitz,NA,-26.65,15.16,72.37,39,33,27.92,scattered clouds,2020-10-31 16:24:23
290,Watertown,US,42.37,-71.18,39.0,64,20,2.28,few clouds,2020-10-31 16:23:45
291,Mgandu,TZ,-5.95,34.13,75.78,32,95,6.02,overcast clouds,2020-10-31 16:24:25
292,Chapais,CA,49.78,-74.85,26.6,63,1,11.41,clear sky,2020-10-31 16:24:25
293,Olafsvik,IS,64.89,-23.71,43.66,80,76,12.28,light rain,2020-10-31 16:24:25
294,Namatanai,PG,-3.67,152.43,80.26,78,100,5.53,overcast clouds,2020-10-31 16:24:26
295,Port Macquarie,AU,-31.43,152.92,61.0,88,3,5.21,clear sky,2020-10-31 16:24:26
296,Betsiamites,CA,48.94,-68.65,30.2,46,1,10.29,clear sky,2020-10-31 16:24:26
297,Lensk,RU,60.73,114.93,-0.83,90,54,2.98,broken clouds,2020-10-31 16:24:26
298,Belmonte,BR,-15.86,-38.88,84.2,62,75,16.11,broken clouds,2020-10-31 16:24:27
299,Beloha,MG,-25.17,45.05,71.56,64,0,12.3,clear sky,2020-10-31 16:24:27
300,Taoudenni,ML,22.68,-3.98,92.5,11,100,8.23,overcast clouds,2020-10-31 16:24:27
301,Urumqi,CN,43.8,87.6,41.0,52,0,1.57,clear sky,2020-10-31 16:24:27
302,Yar-Sale,RU,66.83,70.83,27.84,95,93,12.82,overcast clouds,2020-10-31 16:24:27
303,Chuy,UY,-33.7,-53.46,65.12,61,43,7.87,scattered clouds,2020-10-31 16:24:28
304,Caxito,AO,-8.58,13.66,82.4,74,20,10.29,few clouds,2020-10-31 16:24:28
305,Mitsamiouli,KM,-11.38,43.28,78.22,79,100,8.61,overcast clouds,2020-10-31 16:24:28
306,Arucas,ES,28.12,-15.52,86.0,22,0,6.93,clear sky,2020-10-31 16:24:29
307,Itarema,BR,-2.92,-39.92,88.9,55,98,17.31,overcast clouds,2020-10-31 16:24:29
308,South Sioux City,US,42.47,-96.41,55.4,58,1,10.29,clear sky,2020-10-31 16:24:29
309,Strezhevoy,RU,60.73,77.59,32.0,96,0,8.95,clear sky,2020-10-31 16:24:29
310,Katsuura,JP,35.13,140.3,53.6,71,0,9.17,clear sky,2020-10-31 16:24:30
311,Atambua,ID,-9.11,124.89,76.23,79,0,2.44,clear sky,2020-10-31 16:24:30
312,La Union,PE,-5.4,-80.75,76.57,54,94,6.87,overcast clouds,2020-10-31 16:24:30
313,Fairbanks,US,64.84,-147.72,9.0,84,90,2.19,light snow,2020-10-31 16:24:30
314,Chandbali,IN,20.78,86.77,78.22,75,100,3.51,overcast clouds,2020-10-31 16:24:30
315,Ahipara,NZ,-35.17,173.17,62.47,95,38,4.99,scattered clouds,2020-10-31 16:24:31
316,Saldanha,ZA,-33.01,17.94,75.2,36,0,17.22,clear sky,2020-10-31 16:24:31
317,Cuiluan,CN,47.72,128.65,38.12,76,44,8.66,scattered clouds,2020-10-31 16:24:31
318,Goundi,TD,9.36,17.37,88.86,44,24,2.62,few clouds,2020-10-31 16:24:31
319,Bhinmal,IN,25.0,72.25,76.5,19,0,5.75,clear sky,2020-10-31 16:24:32
320,Kampong Chhnang,KH,12.17,104.55,77.27,88,81,0.76,light rain,2020-10-31 16:24:32
321,Gimli,CA,50.63,-96.99,35.6,69,81,17.22,broken clouds,2020-10-31 16:24:32
322,Khandyga,RU,62.67,135.6,-8.32,87,3,1.39,clear sky,2020-10-31 16:24:32
323,Maceio,BR,-9.67,-35.74,87.8,62,75,14.99,broken clouds,2020-10-31 16:21:58
324,Bonavista,CA,48.65,-53.11,36.0,69,100,5.82,overcast clouds,2020-10-31 16:24:33
325,San Quintin,MX,30.48,-115.95,71.55,45,68,2.55,broken clouds,2020-10-31 16:24:33
326,Hay River,CA,60.82,-115.8,21.2,92,22,10.29,few clouds,2020-10-31 16:24:33
327,Smithfield,US,41.92,-71.55,39.99,74,1,2.37,clear sky,2020-10-31 16:20:34
328,Marzuq,YE,14.4,46.47,71.37,30,0,3.09,clear sky,2020-10-31 16:24:34
329,Mundo Nuevo,MX,18.7,-95.5,76.06,75,53,15.68,broken clouds,2020-10-31 16:24:34
330,Hobyo,SO,5.35,48.53,82.38,74,99,10.18,light rain,2020-10-31 16:24:36
331,Wukari,NG,7.85,9.78,91.0,41,6,3.62,clear sky,2020-10-31 16:24:36
332,Vanavara,RU,60.34,102.28,-0.15,92,12,3.24,few clouds,2020-10-31 16:24:36
333,Agadez,NE,19.75,10.25,81.59,16,0,8.43,clear sky,2020-10-31 16:24:36
334,Shelton,US,41.32,-73.09,44.01,55,1,5.82,clear sky,2020-10-31 16:24:37
335,Margate,GB,51.38,1.39,57.0,85,92,4.0,light rain,2020-10-31 16:24:37
336,Tuensang,IN,26.28,94.83,68.22,85,100,2.39,moderate rain,2020-10-31 16:24:37
337,Qinhuangdao,CN,39.93,119.59,52.39,36,100,9.35,overcast clouds,2020-10-31 16:24:37
338,Oranjemund,NA,-28.55,16.43,64.74,58,0,23.42,clear sky,2020-10-31 16:24:37
339,Rochegda,RU,62.8,43.25,30.97,97,0,4.07,clear sky,2020-10-31 16:24:38
340,Bubaque,GW,11.28,-15.83,85.48,60,81,6.38,broken clouds,2020-10-31 16:24:38
341,Seoul,KR,37.57,126.98,59.0,54,90,7.65,overcast clouds,2020-10-31 16:20:57
342,Provideniya,RU,64.38,-173.3,21.06,87,92,5.99,overcast clouds,2020-10-31 16:24:39
343,Libreville,GA,0.39,9.45,82.4,83,40,9.17,scattered clouds,2020-10-31 16:24:39
344,Nabire,ID,-3.37,135.48,77.45,88,100,4.63,light rain,2020-10-31 16:24:39
345,Nurlat,RU,54.43,50.81,40.39,82,100,4.88,overcast clouds,2020-10-31 16:24:06
346,Canico,PT,32.63,-16.85,78.01,83,20,9.17,few clouds,2020-10-31 16:24:40
347,Salair,RU,54.23,85.8,31.86,98,100,8.03,overcast clouds,2020-10-31 16:24:40
348,Port-Gentil,GA,-0.72,8.78,84.2,74,20,13.87,few clouds,2020-10-31 16:24:40
349,Sayaxche,GT,16.52,-90.17,73.24,96,100,3.87,light rain,2020-10-31 16:24:41
350,Grafton,US,42.21,-71.69,39.0,47,1,4.7,clear sky,2020-10-31 16:24:41
351,Ormara,PK,25.21,64.64,78.46,49,0,9.42,clear sky,2020-10-31 16:24:41
352,Koumac,NC,-20.57,164.28,75.69,79,66,5.21,broken clouds,2020-10-31 16:24:42
353,Nacala,MZ,-14.54,40.67,78.91,66,100,6.51,overcast clouds,2020-10-31 16:24:42
354,Watsa,CD,3.04,29.54,68.2,91,83,1.32,moderate rain,2020-10-31 16:24:42
355,Tukrah,LY,32.53,20.58,69.6,62,26,13.62,scattered clouds,2020-10-31 16:24:43
356,Linxia,CN,35.6,103.21,40.03,68,87,2.82,overcast clouds,2020-10-31 16:24:43
357,Auka,HN,14.93,-83.83,83.88,77,60,7.4,light rain,2020-10-31 16:24:44
358,Kant,IN,27.8,79.8,72.25,26,0,2.55,clear sky,2020-10-31 16:24:44
359,Garden City,US,42.33,-83.33,46.99,52,75,16.11,broken clouds,2020-10-31 16:24:44
360,Neryungri,RU,56.67,124.65,7.12,93,68,5.61,broken clouds,2020-10-31 16:24:44
361,Guantanamo,CU,20.14,-75.21,89.6,62,75,5.82,moderate rain,2020-10-31 16:24:44
362,Narsaq,GL,60.92,-46.05,28.4,63,20,2.24,few clouds,2020-10-31 16:24:45
363,Den Helder,NL,52.96,4.76,57.2,76,90,19.46,light rain,2020-10-31 16:24:45
364,Iqaluit,CA,63.75,-68.51,21.2,73,90,6.93,light snow,2020-10-31 16:24:45
365,Rockland,US,41.17,-74.05,44.01,62,0,3.87,clear sky,2020-10-31 16:24:46
366,Pimentel,PE,-6.84,-79.93,68.0,72,75,6.93,broken clouds,2020-10-31 16:24:46
367,Solnechnyy,RU,50.72,136.63,34.27,90,100,4.23,overcast clouds,2020-10-31 16:24:46
368,Isla Vista,US,34.41,-119.86,72.0,71,1,1.54,fog,2020-10-31 16:21:54
369,Shu,KZ,43.6,73.76,44.28,56,0,4.92,clear sky,2020-10-31 16:24:47
370,Jurm,AF,36.86,70.83,42.15,42,0,1.48,clear sky,2020-10-31 16:24:47
371,Ambon,ID,-3.7,128.18,82.99,84,7,3.0,clear sky,2020-10-31 16:24:47
372,Paamiut,GL,61.99,-49.67,27.9,88,81,17.85,broken clouds,2020-10-31 16:24:48
373,Portland,US,45.52,-122.68,43.0,93,90,4.7,mist,2020-10-31 16:22:02
374,Bilma,NE,18.69,12.92,82.65,16,0,5.01,clear sky,2020-10-31 16:24:48
375,Jalu,LY,29.03,21.55,69.44,44,0,5.95,clear sky,2020-10-31 16:24:48
376,Palmer,US,42.16,-72.33,37.0,74,1,1.36,clear sky,2020-10-31 16:24:49
377,Honningsvag,NO,70.98,25.97,33.53,90,94,9.91,overcast clouds,2020-10-31 16:24:50
378,Castelbuono,IT,37.93,14.09,64.99,78,1,1.01,clear sky,2020-10-31 16:24:50
379,Nyurba,RU,63.28,118.33,-2.7,92,80,2.95,broken clouds,2020-10-31 16:24:51
380,Grand Gaube,MU,-20.01,57.66,66.99,70,0,17.43,clear sky,2020-10-31 16:24:52
381,Perth Amboy,US,40.51,-74.27,46.0,48,1,4.7,clear sky,2020-10-31 16:24:52
382,Mungeli,IN,22.07,81.68,70.72,47,0,5.41,clear sky,2020-10-31 16:24:52
383,Palauig,PH,15.44,119.9,80.19,74,100,3.15,overcast clouds,2020-10-31 16:24:52
384,Gouyave,GD,12.16,-61.73,86.0,79,75,16.11,broken clouds,2020-10-31 16:24:53
385,Ekhabi,RU,53.51,142.97,33.46,92,95,7.2,overcast clouds,2020-10-31 16:24:53
386,Whitehaven,GB,54.55,-3.58,50.0,80,99,13.0,light rain,2020-10-31 16:24:53
387,Yarada,IN,17.65,83.27,78.8,83,40,2.24,mist,2020-10-31 16:24:54
388,Bonnybridge,GB,56.0,-3.89,52.0,81,95,17.0,moderate rain,2020-10-31 16:24:54
389,Batie,BF,9.88,-2.92,96.55,20,14,5.53,few clouds,2020-10-31 16:24:54
390,Digha,IN,21.68,87.55,78.62,77,100,4.59,overcast clouds,2020-10-31 16:24:54
391,Deputatskiy,RU,69.3,139.9,-7.17,91,100,4.7,overcast clouds,2020-10-31 16:24:55
392,Molina,CL,-35.12,-71.28,80.01,49,0,4.7,clear sky,2020-10-31 16:21:45
393,Avera,US,33.19,-82.53,60.8,55,90,9.17,overcast clouds,2020-10-31 16:24:55
394,Braco Do Norte,BR,-28.27,-49.17,70.59,50,88,4.92,overcast clouds,2020-10-31 16:24:56
395,Pouebo,NC,-20.4,164.57,75.22,81,80,11.39,light rain,2020-10-31 16:24:57
396,Lumphat,KH,13.49,106.98,75.16,81,21,7.14,few clouds,2020-10-31 16:24:57
397,Nhulunbuy,AU,-12.23,136.77,77.0,83,0,4.27,clear sky,2020-10-31 16:24:57
398,Choctaw,US,35.5,-97.27,59.0,54,1,18.34,clear sky,2020-10-31 16:24:57
399,Mattru,SL,7.62,-11.83,85.26,70,72,3.96,light rain,2020-10-31 16:24:58
400,Sovetskiy,RU,61.36,63.58,33.96,97,73,7.63,broken clouds,2020-10-31 16:24:58
401,Acapulco,MX,16.86,-99.89,82.4,69,40,3.36,scattered clouds,2020-10-31 16:24:08
402,Inuvik,CA,68.35,-133.72,1.4,84,67,2.24,broken clouds,2020-10-31 16:24:59
403,Nanortalik,GL,60.14,-45.24,29.55,90,11,15.52,few clouds,2020-10-31 16:24:59
404,Cabra,ES,37.47,-4.44,78.8,41,0,4.7,clear sky,2020-10-31 16:24:59
405,Jalalabad,AF,34.43,70.45,67.42,21,0,3.62,clear sky,2020-10-31 16:24:59
406,Nikel,RU,69.41,30.22,30.2,74,85,24.16,overcast clouds,2020-10-31 16:25:00
407,Zanjan,IR,36.67,48.48,64.4,23,0,6.93,clear sky,2020-10-31 16:25:00
408,Beira,MZ,-19.84,34.84,78.8,78,20,18.34,few clouds,2020-10-31 16:25:00
409,Zhanakorgan,KZ,43.91,67.25,46.96,49,0,8.23,clear sky,2020-10-31 16:25:00
410,Bom Jesus,BR,-9.07,-44.36,95.34,36,67,2.21,broken clouds,2020-10-31 16:25:01
411,Thinadhoo,MV,0.53,72.93,83.37,74,63,9.37,broken clouds,2020-10-31 16:25:01
412,Ikwiriri,TZ,-7.96,38.97,78.42,71,82,6.87,broken clouds,2020-10-31 16:25:02
413,Nuevo Casas Grandes,MX,30.42,-107.92,62.01,27,96,3.0,overcast clouds,2020-10-31 16:25:02
414,Half Moon Bay,US,37.46,-122.43,60.01,81,5,3.49,clear sky,2020-10-31 16:25:03
415,Aniva,RU,46.71,142.53,33.8,86,20,3.94,few clouds,2020-10-31 16:25:03
416,Olot,ES,42.18,2.49,66.0,68,0,1.99,clear sky,2020-10-31 16:25:03
417,Suhbaatar,MN,50.23,106.21,27.41,84,61,5.93,broken clouds,2020-10-31 16:25:04
418,Finschhafen,PG,-6.6,147.87,79.07,79,99,6.82,overcast clouds,2020-10-31 16:25:04
419,Rosetta,EG,31.4,30.42,75.2,57,40,9.17,scattered clouds,2020-10-31 16:25:04
420,Batouri,CM,4.43,14.37,77.9,81,34,1.83,light rain,2020-10-31 16:25:04
421,Garoua,CM,9.3,13.4,98.6,22,0,6.93,clear sky,2020-10-31 16:25:05
422,Korla,CN,41.76,86.15,39.0,66,1,5.01,clear sky,2020-10-31 16:25:05
423,Sinnamary,GF,5.38,-52.95,86.79,66,95,12.48,overcast clouds,2020-10-31 16:25:05
424,Newry,GB,54.18,-6.34,51.01,71,69,11.01,broken clouds,2020-10-31 16:25:06
425,Christchurch,NZ,-43.53,172.63,51.01,93,91,5.82,overcast clouds,2020-10-31 16:25:06
426,Lasa,IT,46.62,10.7,54.0,46,20,5.82,few clouds,2020-10-31 16:25:06
427,Erenhot,CN,43.65,111.98,33.4,68,0,11.95,clear sky,2020-10-31 16:25:06
428,Dicabisagan,PH,17.08,122.42,76.57,82,100,14.74,light rain,2020-10-31 16:25:07
429,Nyuksenitsa,RU,60.41,44.24,30.58,96,0,4.45,clear sky,2020-10-31 16:25:08
430,Makokou,GA,0.57,12.86,78.8,83,40,2.42,thunderstorm with light rain,2020-10-31 16:25:08
431,Sao Miguel Do Iguacu,BR,-25.35,-54.24,80.6,51,40,5.82,scattered clouds,2020-10-31 16:25:08
432,Cap-Chat,CA,49.1,-66.68,30.2,68,6,28.86,clear sky,2020-10-31 16:25:09
433,Mahanoro,MG,-19.9,48.8,68.83,69,55,4.0,broken clouds,2020-10-31 16:25:09
434,Turukhansk,RU,65.82,87.98,15.12,96,100,19.04,snow,2020-10-31 16:25:09
435,Adet,ET,11.26,37.49,58.08,83,87,7.56,light rain,2020-10-31 16:25:09
436,Derzhavinsk,KZ,51.1,66.32,38.57,69,7,5.59,clear sky,2020-10-31 16:25:10
437,Filadelfia,US,39.95,-75.16,48.0,49,20,5.82,few clouds,2020-10-31 16:21:27
438,Mount Gambier,AU,-37.83,140.77,41.0,93,90,3.56,overcast clouds,2020-10-31 16:25:10
439,Erdenet,MN,49.03,104.08,24.08,79,3,8.21,clear sky,2020-10-31 16:25:10
440,Ranot,TH,7.78,100.32,81.63,77,100,3.69,light rain,2020-10-31 16:25:10
441,Itaituba,BR,-4.28,-55.98,87.8,66,40,4.59,scattered clouds,2020-10-31 16:25:11
442,Ambunti,PG,-4.24,142.84,73.24,97,64,1.1,broken clouds,2020-10-31 16:25:11
443,Vardo,NO,70.37,31.11,33.8,74,75,18.34,broken clouds,2020-10-31 16:25:11
444,High Level,CA,58.52,-117.14,17.6,100,20,4.7,few clouds,2020-10-31 16:25:12
445,Namie,JP,37.48,141.0,43.0,75,2,5.46,clear sky,2020-10-31 16:25:12
446,General Escobedo,MX,25.82,-100.33,66.2,45,5,2.3,clear sky,2020-10-31 16:25:12
447,Havelock,US,34.88,-76.9,63.0,55,1,13.87,clear sky,2020-10-31 16:22:39
448,Nizhniy Kuranakh,RU,58.84,125.49,-2.58,91,93,2.06,overcast clouds,2020-10-31 16:25:14
449,Meulaboh,ID,4.14,96.13,78.53,83,100,3.04,moderate rain,2020-10-31 16:25:14
450,Le Port,RE,-20.94,55.29,69.8,60,20,5.82,few clouds,2020-10-31 16:25:14
451,Nairobi,KE,-1.28,36.82,71.6,53,20,11.41,few clouds,2020-10-31 16:25:14
452,Marshall,US,34.38,-86.33,61.0,58,1,9.17,clear sky,2020-10-31 16:25:14
453,Okhotsk,RU,59.38,143.3,16.72,87,0,10.63,clear sky,2020-10-31 16:25:15
454,Laguna,US,38.42,-121.42,55.0,66,1,2.57,clear sky,2020-10-31 16:25:15
455,Sao Jose Da Coroa Grande,BR,-8.9,-35.15,83.37,68,90,10.54,overcast clouds,2020-10-31 16:25:15
456,San Vicente,AR,-26.62,-54.13,70.3,82,7,3.2,moderate rain,2020-10-31 16:25:15
457,Puerto Colombia,CO,10.99,-74.95,86.0,79,75,4.7,broken clouds,2020-10-31 16:25:16
458,Santa Maria Do Suacui,BR,-18.19,-42.41,67.41,95,100,3.04,moderate rain,2020-10-31 16:25:16
459,Goderich,CA,43.75,-81.72,39.2,64,36,13.87,scattered clouds,2020-10-31 16:25:17
460,Udachnyy,RU,66.42,112.4,1.4,91,0,2.24,clear sky,2020-10-31 16:25:17
461,Ballina,AU,-28.87,153.57,64.4,82,0,6.93,clear sky,2020-10-31 16:25:17
462,Ponta Do Sol,PT,32.67,-17.1,78.01,83,20,9.17,few clouds,2020-10-31 16:25:17
463,Sidi Ali,DZ,36.1,0.42,71.01,49,44,7.09,scattered clouds,2020-10-31 16:25:18
464,Ostrovnoy,RU,68.05,39.51,26.89,95,13,12.21,few clouds,2020-10-31 16:25:18
465,Ponta Delgada,PT,37.73,-25.67,69.8,94,75,14.99,broken clouds,2020-10-31 16:25:19
466,Lamar,US,33.67,-95.58,57.99,66,1,8.05,clear sky,2020-10-31 16:25:20
467,Torbay,CA,47.67,-52.73,37.99,69,90,13.87,light shower snow,2020-10-31 16:25:20
468,Funtua,NG,11.52,7.31,86.97,26,1,6.85,clear sky,2020-10-31 16:25:20
469,Shache,CN,38.42,77.24,40.12,59,0,5.75,clear sky,2020-10-31 16:25:20
470,Krasnyy Chikoy,RU,50.36,108.75,24.4,92,82,9.62,light snow,2020-10-31 16:25:20
471,Northam,GB,51.03,-4.22,54.0,80,86,17.0,light rain,2020-10-31 16:25:21
472,Mocuba,MZ,-16.84,36.99,79.52,60,68,8.46,light rain,2020-10-31 16:25:21
473,Kerman,IR,30.28,57.08,55.4,20,0,4.7,clear sky,2020-10-31 16:25:21
474,Sobolevo,RU,54.43,31.9,46.0,89,100,9.01,light rain,2020-10-31 16:25:21
475,Ziro,IN,27.63,93.83,53.2,83,100,1.36,overcast clouds,2020-10-31 16:25:22
476,Abaete,BR,-19.16,-45.45,75.69,70,96,4.34,overcast clouds,2020-10-31 16:25:22
477,Umm Kaddadah,SD,13.6,26.69,91.4,16,0,8.23,clear sky,2020-10-31 16:25:23
478,Tura,IN,25.52,90.22,73.2,95,100,1.81,moderate rain,2020-10-31 16:25:23
479,Kaeo,NZ,-35.1,173.78,57.0,97,48,1.99,scattered clouds,2020-10-31 16:25:24
480,Sorgun,TR,39.81,35.19,48.74,60,38,2.21,scattered clouds,2020-10-31 16:25:24
481,Sinjar,IQ,36.32,41.88,63.36,26,28,5.46,scattered clouds,2020-10-31 16:25:24
482,Tessalit,ML,20.2,1.01,93.2,11,8,11.07,clear sky,2020-10-31 16:25:24
483,Arlit,NE,18.74,7.39,89.4,13,0,22.32,clear sky,2020-10-31 16:25:25
484,Beisfjord,NO,68.38,17.6,39.2,86,80,10.29,broken clouds,2020-10-31 16:25:25
485,Kigorobya,UG,1.62,31.31,69.51,87,59,1.66,moderate rain,2020-10-31 16:25:25
486,Eldoret,KE,0.52,35.27,64.4,72,40,5.82,scattered clouds,2020-10-31 16:25:25
487,Makaha,US,21.47,-158.22,71.6,100,1,3.36,clear sky,2020-10-31 16:25:25
488,Antofagasta,CL,-23.65,-70.4,68.0,67,0,12.75,clear sky,2020-10-31 16:25:26
489,Hervey Bay,AU,-25.3,152.85,75.99,83,5,4.0,light rain,2020-10-31 16:25:26
490,Gusau,NG,12.16,6.66,92.5,18,89,6.73,overcast clouds,2020-10-31 16:25:26
491,Vysokogornyy,RU,50.12,139.15,30.18,94,100,2.59,overcast clouds,2020-10-31 16:25:26
492,Safranbolu,TR,41.25,32.69,51.89,82,94,4.38,light rain,2020-10-31 16:25:27
493,Ripanj,RS,44.64,20.52,55.4,87,75,9.17,broken clouds,2020-10-31 16:25:27
494,Kutum,SD,14.2,24.67,82.31,19,0,9.33,clear sky,2020-10-31 16:25:27
495,Hassleholm,SE,56.16,13.77,53.6,100,90,9.17,mist,2020-10-31 16:25:27
496,Eureka,US,40.8,-124.16,46.4,100,1,1.9,clear sky,2020-10-31 16:25:28
497,Chernyshevskiy,RU,63.01,112.47,-4.16,92,4,2.35,clear sky,2020-10-31 16:25:28
498,Zalantun,CN,48.0,122.72,33.42,88,92,14.16,snow,2020-10-31 16:25:28
499,Utevka,RU,52.9,50.95,45.75,65,100,5.03,light rain,2020-10-31 16:25:29
500,Fandriana,MG,-20.23,47.38,55.71,82,53,3.69,broken clouds,2020-10-31 16:25:29
501,Chumikan,RU,54.72,135.31,33.22,96,100,22.1,overcast clouds,2020-10-31 16:25:29
502,Rani,IN,25.35,73.31,71.62,22,0,3.87,clear sky,2020-10-31 16:25:29
503,Zhigansk,RU,66.77,123.37,-10.7,89,82,0.36,broken clouds,2020-10-31 16:25:30
504,Karratha,AU,-20.74,116.85,71.1,84,0,12.73,light rain,2020-10-31 16:25:30
505,Alofi,NU,-19.06,-169.92,73.4,94,89,11.41,overcast clouds,2020-10-31 16:25:30
506,Tevaitoa,PF,-16.78,-151.5,79.2,75,7,19.28,clear sky,2020-10-31 16:25:30
507,Carlisle,US,40.2,-77.19,46.0,66,18,3.13,few clouds,2020-10-31 16:22:22
508,Banda Aceh,ID,5.56,95.32,80.69,77,97,8.08,light rain,2020-10-31 16:25:31
509,Namanyere,TZ,-7.52,31.05,71.8,46,49,1.74,scattered clouds,2020-10-31 16:25:31
510,Uyaan,PH,7.86,124.04,63.75,100,100,2.91,light rain,2020-10-31 16:25:31
511,Santa Fe,AR,-31.63,-60.7,78.01,20,0,1.99,clear sky,2020-10-31 16:25:32
512,Burnie,AU,-41.07,145.92,48.0,76,1,5.99,clear sky,2020-10-31 16:25:32
513,Hobbs,US,32.7,-103.14,64.0,38,5,6.93,clear sky,2020-10-31 16:25:32
514,Komsomolskiy,UZ,40.43,71.72,42.8,45,0,6.93,clear sky,2020-10-31 16:25:32
515,Karatau,KZ,43.17,70.47,39.24,69,68,0.96,broken clouds,2020-10-31 16:25:33
516,Ozernovskiy,RU,51.5,156.52,39.45,77,100,19.75,overcast clouds,2020-10-31 16:25:33
517,Ust-Maya,RU,60.42,134.53,-6.09,90,3,2.48,clear sky,2020-10-31 16:25:33
518,Pangai,TO,-19.8,-174.35,76.64,82,26,23.38,light rain,2020-10-31 16:25:33
519,Katherine,AU,-14.47,132.27,86.0,40,0,6.93,clear sky,2020-10-31 16:25:34
520,Aripuana,BR,-9.17,-60.63,87.06,62,100,2.55,light rain,2020-10-31 16:25:34
521,Necochea,AR,-38.55,-58.74,68.63,43,2,7.16,clear sky,2020-10-31 16:25:35
522,Usinsk,RU,65.99,57.53,32.14,98,96,18.5,overcast clouds,2020-10-31 16:25:36
523,Sistranda,NO,63.73,8.83,46.4,75,75,21.92,broken clouds,2020-10-31 16:25:36
524,Cabral,DO,18.25,-71.22,86.0,74,75,6.93,broken clouds,2020-10-31 16:25:36
525,Otavi,NA,-19.65,17.33,88.77,23,80,3.38,broken clouds,2020-10-31 16:25:36
526,Alice Springs,AU,-23.7,133.88,64.4,25,48,6.93,scattered clouds,2020-10-31 16:24:25
527,Newport,GB,51.59,-3.0,54.0,87,60,3.0,light rain,2020-10-31 16:23:12
528,Qiongshan,CN,20.01,110.35,71.6,88,0,2.24,light rain,2020-10-31 16:25:37
529,Lithgow,AU,-33.48,150.15,46.99,93,18,3.47,few clouds,2020-10-31 16:25:37
530,Biltine,TD,14.53,20.92,90.61,19,2,10.33,clear sky,2020-10-31 16:25:37
531,Burley,US,42.54,-113.79,46.4,49,1,5.82,clear sky,2020-10-31 16:25:37
532,Amahai,ID,-3.33,128.92,82.99,83,66,1.01,broken clouds,2020-10-31 16:25:38
533,Mogzon,RU,51.74,111.96,21.72,92,92,9.19,overcast clouds,2020-10-31 16:25:38
534,Teguise,ES,29.06,-13.56,77.0,69,0,11.41,clear sky,2020-10-31 16:25:38
535,Ribeira Brava,PT,32.65,-17.07,78.01,83,20,9.17,few clouds,2020-10-31 16:25:39
536,Novobirilyussy,RU,56.95,90.67,21.38,97,84,4.38,broken clouds,2020-10-31 16:25:39
537,Kawalu,ID,-7.38,108.21,73.06,90,96,1.5,moderate rain,2020-10-31 16:25:39
538,Inta,RU,66.03,60.17,32.14,98,100,17.87,overcast clouds,2020-10-31 16:25:39
539,Deniliquin,AU,-35.53,144.97,52.41,83,0,8.59,clear sky,2020-10-31 16:25:39
540,Sioux Lookout,CA,50.1,-91.92,39.2,69,90,18.34,overcast clouds,2020-10-31 16:25:40
541,Kurilsk,RU,45.23,147.88,45.41,69,88,12.8,overcast clouds,2020-10-31 16:25:40
542,Lazaro Cardenas,MX,17.96,-102.2,80.49,70,93,3.83,overcast clouds,2020-10-31 16:25:40
543,Balsas,BR,-7.53,-46.04,85.84,65,79,5.23,moderate rain,2020-10-31 16:25:41
544,Arrecife,ES,28.96,-13.55,77.0,69,0,11.41,clear sky,2020-10-31 16:25:41
545,Antalaha,MG,-14.9,50.28,70.9,75,56,11.16,broken clouds,2020-10-31 16:25:41
546,Mbanza-Ngungu,CD,-5.25,14.87,81.03,74,73,2.86,light rain,2020-10-31 16:25:42
547,Saint Anthony,US,45.02,-93.22,50.0,61,1,16.11,clear sky,2020-10-31 16:25:42
548,Taipu,BR,-5.62,-35.6,86.0,66,75,18.34,broken clouds,2020-10-31 16:25:42
549,Kolosovka,RU,56.47,73.61,33.28,92,99,11.1,overcast clouds,2020-10-31 16:25:42
550,Tahoua,NE,14.89,5.27,96.8,11,0,2.24,clear sky,2020-10-31 16:25:43
551,Gravdal,NO,68.12,13.5,47.17,78,0,20.13,clear sky,2020-10-31 16:25:43
552,Abu Samrah,SY,35.3,37.18,75.11,32,100,6.4,overcast clouds,2020-10-31 16:25:43
553,Kota Kinabalu,MY,5.97,116.07,77.0,94,20,5.82,few clouds,2020-10-31 16:25:43
554,Pocatello,US,42.87,-112.45,44.6,52,1,18.34,clear sky,2020-10-31 16:25:44
555,San Francisco,US,37.77,-122.42,59.0,87,20,6.15,few clouds,2020-10-31 16:21:30
556,Emirdag,TR,39.02,31.15,51.24,47,0,3.6,clear sky,2020-10-31 16:25:44
557,Belyy Yar,RU,53.6,91.39,33.8,80,75,6.71,broken clouds,2020-10-31 16:25:45
558,Jardim,BR,-21.48,-56.14,81.75,56,82,5.1,broken clouds,2020-10-31 16:25:45
559,Flin Flon,CA,54.77,-101.86,17.6,85,90,19.46,light snow,2020-10-31 16:25:45
560,Nagato,JP,34.38,131.2,59.0,72,40,4.7,scattered clouds,2020-10-31 16:25:46
561,Omaruru,NA,-21.43,15.93,87.75,22,95,11.86,overcast clouds,2020-10-31 16:25:46
562,Iskateley,RU,67.68,53.15,33.73,92,100,16.93,overcast clouds,2020-10-31 16:25:46
563,Leningradskiy,RU,69.38,178.42,19.13,93,95,10.71,overcast clouds,2020-10-31 16:25:46
564,Norrkoping,SE,58.59,16.18,48.2,93,79,5.82,broken clouds,2020-10-31 16:25:47
565,Iberia,US,29.95,-91.75,60.8,67,1,2.86,clear sky,2020-10-31 16:25:47
566,Wagar,SD,16.15,36.2,92.59,23,36,7.11,scattered clouds,2020-10-31 16:25:47
567,Marsa Matruh,EG,31.35,27.25,71.6,60,40,8.05,scattered clouds,2020-10-31 16:25:47
568,Puerto Leguizamo,CO,-0.19,-74.78,88.03,59,100,4.12,overcast clouds,2020-10-31 16:25:48
569,Mao,ES,39.89,4.27,66.2,72,0,5.82,clear sky,2020-10-31 16:24:15
570,Saint-Joseph,RE,-21.37,55.62,69.8,60,20,3.36,few clouds,2020-10-31 16:25:48
571,Khani,GE,41.96,42.96,66.2,59,75,5.82,broken clouds,2020-10-31 16:25:48
572,Aykhal,RU,66.0,111.5,1.4,91,0,2.24,clear sky,2020-10-31 16:25:49
573,Coaticook,CA,45.13,-71.8,37.4,47,0,3.36,clear sky,2020-10-31 16:25:49
574,Los Llanos De Aridane,ES,28.66,-17.92,78.8,69,0,9.17,clear sky,2020-10-31 16:25:49
575,Nantucket,US,41.28,-70.1,48.2,45,1,8.05,clear sky,2020-10-31 16:25:49
576,Ilo,PE,-17.64,-71.34,68.0,68,90,4.7,overcast clouds,2020-10-31 16:25:50
577,Shahpura,IN,27.38,75.97,73.4,23,0,2.24,haze,2020-10-31 16:25:50
578,Swan Hill,AU,-35.34,143.55,51.31,78,0,10.13,clear sky,2020-10-31 16:25:50
579,Tocopilla,CL,-22.09,-70.2,70.2,46,29,8.97,scattered clouds,2020-10-31 16:25:51
580,Qaqortoq,GL,60.72,-46.03,28.4,63,20,2.24,few clouds,2020-10-31 16:25:51
581,Rockport,US,28.02,-97.05,71.6,53,1,8.05,clear sky,2020-10-31 16:25:51
582,Homer,US,59.64,-151.55,25.0,52,1,15.3,clear sky,2020-10-31 16:22:30
583,Sharan,RU,54.82,54.0,40.73,79,100,5.84,light rain,2020-10-31 16:25:52
584,Louis Trichardt,ZA,-23.04,29.9,73.8,51,44,11.25,scattered clouds,2020-10-31 16:25:52
585,Pala,TD,9.36,14.9,89.55,35,58,4.38,broken clouds,2020-10-31 16:25:52
586,Ishim,RU,56.11,69.49,35.78,85,87,11.23,overcast clouds,2020-10-31 16:25:52
587,Jacareacanga,BR,-6.22,-57.75,97.63,37,75,3.78,broken clouds,2020-10-31 16:25:53
588,Natchitoches,US,31.77,-93.13,57.2,76,1,3.36,clear sky,2020-10-31 16:25:53
589,Garowe,SO,8.41,48.48,83.98,35,0,14.5,clear sky,2020-10-31 16:25:53
590,Strunino,RU,56.38,38.57,39.0,93,3,4.88,clear sky,2020-10-31 16:25:53
591,Beaufort,MY,5.35,115.75,77.0,94,20,2.86,few clouds,2020-10-31 16:25:07
592,Malyn,UA,50.77,29.24,46.4,100,100,8.95,light intensity drizzle,2020-10-31 16:25:54
593,Hurghada,EG,27.26,33.81,80.6,61,0,3.36,clear sky,2020-10-31 16:25:54
594,Colon,PA,9.36,-79.9,86.0,70,40,4.7,scattered clouds,2020-10-31 16:25:54
595,Rehoboth,NA,-23.32,17.08,87.93,17,94,9.48,light rain,2020-10-31 16:25:54
596,San Ignacio,BZ,17.16,-89.07,79.0,88,90,4.7,overcast clouds,2020-10-31 16:25:55
597,Nizhniy Odes,RU,63.64,54.86,32.27,94,100,7.38,overcast clouds,2020-10-31 16:25:55
598,Shangzhi,CN,45.22,127.97,43.32,69,0,13.89,clear sky,2020-10-31 16:25:55
599,Bafq,IR,31.61,55.41,58.89,32,0,3.58,clear sky,2020-10-31 16:25:55
600,Marang,MY,5.21,103.21,80.6,88,20,3.36,few clouds,2020-10-31 16:25:56
601,Sambava,MG,-14.27,50.17,73.13,73,78,16.73,broken clouds,2020-10-31 16:25:56
602,Rafai,CF,4.95,23.92,74.79,90,77,2.77,light rain,2020-10-31 16:25:56
603,Baixo Guandu,BR,-19.52,-41.02,71.83,91,100,5.46,light rain,2020-10-31 16:25:56
604,Cayenne,GF,4.93,-52.33,91.4,55,100,11.41,light rain,2020-10-31 16:25:56
605,Robertsport,LR,6.75,-11.37,81.72,74,83,7.14,light rain,2020-10-31 16:25:57
606,Smolenka,RU,52.14,113.5,26.6,58,100,11.18,overcast clouds,2020-10-31 16:25:57
607,Gorontalo,ID,0.54,123.06,77.45,78,100,3.09,overcast clouds,2020-10-31 16:25:58
608,Loandjili,CG,-4.76,11.86,82.4,83,20,11.41,few clouds,2020-10-31 16:25:58
609,Talnakh,RU,69.49,88.4,19.4,85,90,38.03,light shower snow,2020-10-31 16:26:00
610,Horn Lake,US,34.96,-90.03,59.0,54,20,3.36,few clouds,2020-10-31 16:21:29
611,Erzin,TR,36.96,36.2,75.0,73,56,3.6,broken clouds,2020-10-31 16:26:01
612,Mujiayingzi,CN,42.12,118.78,37.4,58,0,9.15,clear sky,2020-10-31 16:26:01
613,Russellville,US,35.28,-93.13,55.99,66,1,4.94,clear sky,2020-10-31 16:26:02
614,Carmen,MX,18.63,-91.83,75.2,94,90,6.13,overcast clouds,2020-10-31 16:26:02
615,Eten,PE,-6.91,-79.86,68.0,72,75,6.93,broken clouds,2020-10-31 16:26:02
616,Anadyr,RU,64.75,177.48,6.8,84,75,8.95,broken clouds,2020-10-31 16:26:02
617,Muyezerskiy,RU,63.93,31.65,29.34,93,35,5.21,scattered clouds,2020-10-31 16:26:03
618,Marienburg,PL,54.04,19.03,46.0,100,1,3.89,clear sky,2020-10-31 16:26:03
619,Saint-Georges,GD,12.06,-61.75,86.0,79,75,16.11,broken clouds,2020-10-31 16:26:03
620,Touros,BR,-5.2,-35.46,86.0,66,75,18.34,broken clouds,2020-10-31 16:26:03
621,Maua,BR,-23.67,-46.46,64.4,82,90,13.87,light intensity drizzle,2020-10-31 16:26:04
622,Sibu,MY,2.3,111.82,77.0,94,40,3.36,scattered clouds,2020-10-31 16:21:42
623,Susa,TN,35.83,10.64,72.0,68,0,6.93,clear sky,2020-10-31 16:26:04
624,Ketchikan,US,55.34,-131.65,46.4,93,90,12.75,moderate rain,2020-10-31 16:26:04
625,Kapoeta,SS,4.77,33.59,85.96,37,18,11.63,few clouds,2020-10-31 16:26:05
626,Prince Rupert,CA,54.32,-130.32,46.4,87,90,14.99,mist,2020-10-31 16:26:05
627,Ryotsu,JP,38.08,138.43,56.64,66,92,6.69,overcast clouds,2020-10-31 16:26:06
628,Fonte Boa,BR,-2.5,-66.27,79.03,91,100,6.11,very heavy rain,2020-10-31 16:26:06
629,Kokopo,PG,-4.35,152.26,77.68,82,100,3.71,overcast clouds,2020-10-31 16:26:07
630,Lucapa,AO,-8.42,20.74,77.2,72,76,2.24,light rain,2020-10-31 16:26:07
631,Pasni,PK,25.26,63.47,77.43,49,0,5.95,clear sky,2020-10-31 16:23:11
632,Boguchany,RU,58.38,97.45,8.76,93,0,0.67,clear sky,2020-10-31 16:26:07
633,Novikovo,RU,51.15,37.89,51.71,90,100,11.36,overcast clouds,2020-10-31 16:26:08
634,Nenjiang,CN,49.18,125.22,33.4,93,100,11.61,overcast clouds,2020-10-31 16:26:08
635,Nouadhibou,MR,20.93,-17.03,73.4,73,1,17.22,clear sky,2020-10-31 16:26:08
636,Morondava,MG,-20.28,44.28,80.56,70,22,13.18,few clouds,2020-10-31 16:26:08
637,Mo I Rana,NO,66.31,14.14,36.0,100,20,2.24,fog,2020-10-31 16:26:08
638,Ginda,IN,30.69,78.49,53.74,42,0,6.2,clear sky,2020-10-31 16:26:09
639,Klaebu,NO,63.3,10.48,48.2,66,0,21.92,clear sky,2020-10-31 16:26:09
640,Lixourion,GR,38.2,20.43,68.0,77,0,11.41,clear sky,2020-10-31 16:26:09
641,Coihaique,CL,-45.58,-72.07,66.2,45,0,6.93,clear sky,2020-10-31 16:26:10
642,Jiuquan,CN,39.74,98.52,37.02,61,32,5.01,scattered clouds,2020-10-31 16:26:10
643,Bathsheba,BB,13.22,-59.52,84.2,79,75,14.99,shower rain,2020-10-31 16:26:10
644,Cabedelo,BR,-6.98,-34.83,86.0,66,40,13.87,scattered clouds,2020-10-31 16:26:10
645,Alyangula,AU,-13.85,136.42,73.4,100,75,4.59,broken clouds,2020-10-31 16:26:11
646,Kuytun,RU,54.34,101.5,17.64,84,40,11.74,scattered clouds,2020-10-31 16:26:11
647,Karasburg,NA,-28.02,18.75,87.78,13,0,15.28,clear sky,2020-10-31 16:26:11
648,Rabat,MA,33.99,-6.84,69.8,73,0,3.36,clear sky,2020-10-31 16:25:39
649,Messina,IT,38.19,15.55,68.0,68,20,4.7,few clouds,2020-10-31 16:26:11
650,Hirara,JP,24.8,125.28,77.29,74,3,21.34,light rain,2020-10-31 16:26:12
651,Mechetinskaya,RU,46.77,40.46,59.23,91,100,6.71,overcast clouds,2020-10-31 16:26:12
652,Williamsport,US,41.24,-77.0,48.0,48,40,4.7,scattered clouds,2020-10-31 16:24:57
653,Dauriya,RU,49.93,116.87,25.54,94,95,13.67,overcast clouds,2020-10-31 16:26:12
654,Kota Belud,MY,6.35,116.43,77.0,94,20,5.82,heavy intensity rain,2020-10-31 16:26:13
655,Graaff-Reinet,ZA,-32.25,24.53,68.0,56,0,8.99,clear sky,2020-10-31 16:24:09
656,Pangody,RU,65.85,74.49,33.17,97,100,13.06,light rain,2020-10-31 16:26:13
657,Quzhou,CN,28.96,118.87,58.44,73,3,3.22,clear sky,2020-10-31 16:26:13
658,Barranca,PE,-10.75,-77.77,66.81,71,98,8.63,overcast clouds,2020-10-31 16:26:13
659,Waipawa,NZ,-41.41,175.52,59.0,77,27,9.17,scattered clouds,2020-10-31 16:26:14
660,Candelaria,PH,13.93,121.42,78.01,86,100,6.29,overcast clouds,2020-10-31 16:26:14
661,Petropavlovka,RU,50.61,105.32,27.14,84,36,4.32,scattered clouds,2020-10-31 16:26:14
662,Pahrump,US,36.21,-115.98,68.0,17,1,0.74,clear sky,2020-10-31 16:26:14
663,Muros,ES,42.78,-9.06,63.0,91,100,14.0,overcast clouds,2020-10-31 16:26:15
664,Vestmannaeyjar,IS,63.44,-20.27,44.6,70,20,14.99,few clouds,2020-10-31 16:26:15
665,Bac Lieu,VN,9.29,105.72,79.38,87,66,11.83,moderate rain,2020-10-31 16:26:15
666,Cheremushskiy,RU,61.27,47.26,31.32,97,8,4.59,clear sky,2020-10-31 16:26:15
667,Muzhi,RU,65.37,64.67,29.41,94,46,12.64,scattered clouds,2020-10-31 16:26:15
668,Manama,BH,26.22,50.58,82.4,58,0,4.7,clear sky,2020-10-31 16:23:55
669,Canutama,BR,-6.53,-64.38,84.09,81,100,3.06,moderate rain,2020-10-31 16:26:16
670,Maniitsoq,GL,65.42,-52.9,21.09,86,81,5.77,broken clouds,2020-10-31 16:26:16
671,Kloulklubed,PW,7.04,134.26,84.2,74,90,10.29,moderate rain,2020-10-31 16:26:16
672,Brigantine,US,39.41,-74.36,48.0,61,1,5.82,clear sky,2020-10-31 16:23:34
673,Pogranichnyy,RU,44.41,131.38,43.14,78,69,5.95,broken clouds,2020-10-31 16:26:17
674,The Pas,CA,53.83,-101.25,19.4,85,90,25.28,light snow,2020-10-31 16:26:17
675,Ust-Koksa,RU,50.27,85.61,22.62,89,0,0.85,clear sky,2020-10-31 16:26:17
676,Sokoni,TZ,-6.43,39.55,82.4,69,40,6.93,scattered clouds,2020-10-31 16:26:17
677,Khanpur,PK,28.65,70.66,71.92,20,0,4.65,clear sky,2020-10-31 16:26:18
678,Vanimo,PG,-2.67,141.3,78.21,85,7,5.82,clear sky,2020-10-31 16:26:18
679,Colares,PT,38.8,-9.45,69.8,73,20,8.05,few clouds,2020-10-31 16:26:18
680,Kidal,ML,18.44,1.41,92.34,11,11,16.69,few clouds,2020-10-31 16:26:19
681,Taywarah,AF,33.35,64.42,25.36,79,0,2.93,clear sky,2020-10-31 16:26:19
682,Nuuk,GL,64.18,-51.72,23.0,57,40,5.82,scattered clouds,2020-10-31 16:26:19
683,Tiznit,MA,29.58,-9.5,79.39,18,0,11.74,clear sky,2020-10-31 16:26:20
684,Salinas,US,36.68,-121.66,55.4,58,1,9.17,clear sky,2020-10-31 16:25:04
685,Moose Factory,CA,51.26,-80.61,30.2,68,75,10.29,broken clouds,2020-10-31 16:26:20
